id,firstname,lastname,email,Ticket,Age
101,Tarra,Rodmann,Tarra.Rodmann@yopmail.com,Comfort,64
102,Iseabal,Celestine,Iseabal.Celestine@yopmail.com,Comfort,37
103,Hollie,Meter,Hollie.Meter@yopmail.com,Business,22
104,Aaren,Lilybelle,Aaren.Lilybelle@yopmail.com,Business,30
105,Joelly,Chandler,Joelly.Chandler@yopmail.com,Comfort,57
106,Imojean,Kimmie,Imojean.Kimmie@yopmail.com,Econom,46
107,Norine,Morgun,Norine.Morgun@yopmail.com,Econom,65
108,Kerrin,Kaete,Kerrin.Kaete@yopmail.com,Econom,49
109,Miquela,Kauppi,Miquela.Kauppi@yopmail.com,Comfort,52
110,Nickie,Emerson,Nickie.Emerson@yopmail.com,Econom,64
111,Donnie,Wolfgram,Donnie.Wolfgram@yopmail.com,Comfort,69
112,Dorene,Erlandson,Dorene.Erlandson@yopmail.com,Comfort,79
113,Janey,Kamaria,Janey.Kamaria@yopmail.com,Comfort,50
114,Adore,Manolo,Adore.Manolo@yopmail.com,Econom,77
115,Minne,Arvo,Minne.Arvo@yopmail.com,Business,54
116,Tiffie,Katrine,Tiffie.Katrine@yopmail.com,Comfort,23
117,Genovera,Rustice,Genovera.Rustice@yopmail.com,Business,31
118,Suzette,Raffo,Suzette.Raffo@yopmail.com,Business,69
119,Brooks,Allina,Brooks.Allina@yopmail.com,Comfort,41
120,Laurene,Kravits,Laurene.Kravits@yopmail.com,Econom,21
121,Ana,Orpah,Ana.Orpah@yopmail.com,Business,64
122,Dione,Ailyn,Dione.Ailyn@yopmail.com,Comfort,70
123,Nariko,Lamoree,Nariko.Lamoree@yopmail.com,Econom,71
124,Kelly,Tatianas,Kelly.Tatianas@yopmail.com,Comfort,44
125,Tomasina,Alva,Tomasina.Alva@yopmail.com,Econom,33
126,Caryl,Lynn,Caryl.Lynn@yopmail.com,Business,72
127,Daphne,Kermit,Daphne.Kermit@yopmail.com,Comfort,44
128,Mireielle,Boycey,Mireielle.Boycey@yopmail.com,Econom,72
129,Carolina,Lemuela,Carolina.Lemuela@yopmail.com,Econom,48
130,Almeta,Zina,Almeta.Zina@yopmail.com,Econom,49
131,Frank,Pernick,Frank.Pernick@yopmail.com,Econom,31
132,Janey,Nester,Janey.Nester@yopmail.com,Business,44
133,Carilyn,Kathie,Carilyn.Kathie@yopmail.com,Comfort,42
134,Gerianna,Schalles,Gerianna.Schalles@yopmail.com,Econom,38
135,Beth,Rona,Beth.Rona@yopmail.com,Econom,46
136,Dione,Matthew,Dione.Matthew@yopmail.com,Comfort,58
137,Nanete,Hebner,Nanete.Hebner@yopmail.com,Comfort,49
138,Eugine,Shuler,Eugine.Shuler@yopmail.com,Econom,22
139,Wendi,Constancy,Wendi.Constancy@yopmail.com,Comfort,60
140,Barbi,Cavan,Barbi.Cavan@yopmail.com,Comfort,28
141,Frances,Tayib,Frances.Tayib@yopmail.com,Business,74
142,Wanda,Isacco,Wanda.Isacco@yopmail.com,Business,37
143,Doro,Briney,Doro.Briney@yopmail.com,Econom,73
144,Winny,Friede,Winny.Friede@yopmail.com,Business,42
145,Elmira,Burch,Elmira.Burch@yopmail.com,Comfort,30
146,Kylynn,Toor,Kylynn.Toor@yopmail.com,Business,61
147,Vere,Brady,Vere.Brady@yopmail.com,Business,71
148,Nananne,Lorenz,Nananne.Lorenz@yopmail.com,Business,26
149,Shaylyn,Lewes,Shaylyn.Lewes@yopmail.com,Comfort,64
150,Millie,Even,Millie.Even@yopmail.com,Business,18
151,Katharina,Glovsky,Katharina.Glovsky@yopmail.com,Comfort,73
152,Glenda,Parette,Glenda.Parette@yopmail.com,Business,39
153,Teriann,Melleta,Teriann.Melleta@yopmail.com,Econom,18
154,Barbara,Carlson,Barbara.Carlson@yopmail.com,Econom,27
155,Dione,Aurelio,Dione.Aurelio@yopmail.com,Business,60
156,Dagmar,Belanger,Dagmar.Belanger@yopmail.com,Comfort,32
157,Sandie,Boycey,Sandie.Boycey@yopmail.com,Econom,77
158,Keelia,Kevon,Keelia.Kevon@yopmail.com,Comfort,46
159,Iseabal,Kristi,Iseabal.Kristi@yopmail.com,Econom,49
160,Christal,Sharl,Christal.Sharl@yopmail.com,Business,33
161,Dulce,Ax,Dulce.Ax@yopmail.com,Comfort,23
162,Mariann,Hedve,Mariann.Hedve@yopmail.com,Business,61
163,Jackie,Ferrell,Jackie.Ferrell@yopmail.com,Comfort,38
164,Constance,Alexandr,Constance.Alexandr@yopmail.com,Business,35
165,Hermione,Yam,Hermione.Yam@yopmail.com,Econom,70
166,Layla,Kermit,Layla.Kermit@yopmail.com,Comfort,40
167,Lily,Jarib,Lily.Jarib@yopmail.com,Econom,55
168,Livvyy,Wenoa,Livvyy.Wenoa@yopmail.com,Econom,18
169,Deirdre,Poppy,Deirdre.Poppy@yopmail.com,Econom,32
170,Lorenza,Anastatius,Lorenza.Anastatius@yopmail.com,Econom,60
171,Jorry,Craggie,Jorry.Craggie@yopmail.com,Business,60
172,Robinia,Rosalba,Robinia.Rosalba@yopmail.com,Business,22
173,Millie,Henrie,Millie.Henrie@yopmail.com,Econom,24
174,Elka,Brieta,Elka.Brieta@yopmail.com,Business,40
175,Teddie,Maribeth,Teddie.Maribeth@yopmail.com,Comfort,57
176,Zia,Kelula,Zia.Kelula@yopmail.com,Econom,63
177,Beth,Kermit,Beth.Kermit@yopmail.com,Econom,41
178,Gaylene,Plato,Gaylene.Plato@yopmail.com,Comfort,74
179,Meriel,Schlosser,Meriel.Schlosser@yopmail.com,Business,76
180,Anthia,Cottle,Anthia.Cottle@yopmail.com,Econom,31
181,Atlanta,Elvyn,Atlanta.Elvyn@yopmail.com,Business,36
182,Shirlee,Lucienne,Shirlee.Lucienne@yopmail.com,Business,49
183,Allis,Codding,Allis.Codding@yopmail.com,Comfort,53
184,Nonnah,Jerald,Nonnah.Jerald@yopmail.com,Econom,51
185,Giustina,Jillane,Giustina.Jillane@yopmail.com,Business,50
186,Celestyna,Allina,Celestyna.Allina@yopmail.com,Econom,78
187,Zsa Zsa,Buckler,Zsa Zsa.Buckler@yopmail.com,Business,46
188,Kalina,Raseda,Kalina.Raseda@yopmail.com,Econom,66
189,Viviene,Buckler,Viviene.Buckler@yopmail.com,Business,46
190,Edith,Andrel,Edith.Andrel@yopmail.com,Business,68
191,Jean,Hutchison,Jean.Hutchison@yopmail.com,Comfort,68
192,Evita,Silvan,Evita.Silvan@yopmail.com,Business,33
193,Beverley,Vacuva,Beverley.Vacuva@yopmail.com,Business,69
194,Katleen,Rugen,Katleen.Rugen@yopmail.com,Business,76
195,Mallory,Belanger,Mallory.Belanger@yopmail.com,Econom,65
196,Ronna,Bronk,Ronna.Bronk@yopmail.com,Comfort,77
197,Oona,Sheng,Oona.Sheng@yopmail.com,Business,43
198,Caressa,Estella,Caressa.Estella@yopmail.com,Business,35
199,Ekaterina,Olnee,Ekaterina.Olnee@yopmail.com,Business,73
200,Ruthe,Alrich,Ruthe.Alrich@yopmail.com,Business,66
201,Dulcinea,Naashom,Dulcinea.Naashom@yopmail.com,Business,52
202,Dorthy,Dorine,Dorthy.Dorine@yopmail.com,Business,50
203,Amii,Cassius,Amii.Cassius@yopmail.com,Business,63
204,Nananne,Berl,Nananne.Berl@yopmail.com,Comfort,19
205,Philis,Bibi,Philis.Bibi@yopmail.com,Comfort,41
206,Tiffie,Lubin,Tiffie.Lubin@yopmail.com,Econom,68
207,Steffane,O'Neill,Steffane.O'Neill@yopmail.com,Business,54
208,Tilly,Oneida,Tilly.Oneida@yopmail.com,Business,22
209,Averyl,Annice,Averyl.Annice@yopmail.com,Econom,53
210,Shaylyn,Uird,Shaylyn.Uird@yopmail.com,Econom,29
211,Mellicent,Wareing,Mellicent.Wareing@yopmail.com,Business,71
212,Cristine,Liebermann,Cristine.Liebermann@yopmail.com,Comfort,38
213,Roxane,Sigfrid,Roxane.Sigfrid@yopmail.com,Business,20
214,Coral,Friede,Coral.Friede@yopmail.com,Econom,46
215,Lila,Francyne,Lila.Francyne@yopmail.com,Econom,45
216,Babita,Nisbet,Babita.Nisbet@yopmail.com,Econom,71
217,Mallory,Abbot,Mallory.Abbot@yopmail.com,Econom,42
218,Tracey,Keelia,Tracey.Keelia@yopmail.com,Business,31
219,Christal,Skurnik,Christal.Skurnik@yopmail.com,Econom,23
220,Tybie,Seagraves,Tybie.Seagraves@yopmail.com,Comfort,59
221,Tomasina,Angelis,Tomasina.Angelis@yopmail.com,Econom,69
222,Barbi,Curren,Barbi.Curren@yopmail.com,Econom,36
223,Georgina,Avi,Georgina.Avi@yopmail.com,Econom,19
224,Darlleen,Goerke,Darlleen.Goerke@yopmail.com,Comfort,50
225,Sharai,Brandice,Sharai.Brandice@yopmail.com,Business,68
226,Willetta,Septima,Willetta.Septima@yopmail.com,Comfort,62
227,Krystle,Kirstin,Krystle.Kirstin@yopmail.com,Econom,71
228,Malina,Winnick,Malina.Winnick@yopmail.com,Comfort,57
229,Benita,Jalbert,Benita.Jalbert@yopmail.com,Econom,50
230,Starla,Soneson,Starla.Soneson@yopmail.com,Econom,20
231,Andeee,Iiette,Andeee.Iiette@yopmail.com,Business,29
232,Dulcinea,Quent,Dulcinea.Quent@yopmail.com,Econom,18
233,Annecorinne,Garrison,Annecorinne.Garrison@yopmail.com,Econom,51
234,Zia,Douglass,Zia.Douglass@yopmail.com,Comfort,78
235,Almeta,Aldric,Almeta.Aldric@yopmail.com,Comfort,75
236,Sybille,Trace,Sybille.Trace@yopmail.com,Comfort,34
237,Ericka,Tarrant,Ericka.Tarrant@yopmail.com,Comfort,76
238,Korrie,Jacinda,Korrie.Jacinda@yopmail.com,Comfort,39
239,Oralee,Hieronymus,Oralee.Hieronymus@yopmail.com,Business,68
240,Dulce,Nunci,Dulce.Nunci@yopmail.com,Econom,64
241,Albertina,Cleavland,Albertina.Cleavland@yopmail.com,Business,73
242,Joane,Phi,Joane.Phi@yopmail.com,Econom,33
243,Charmaine,Ellerey,Charmaine.Ellerey@yopmail.com,Business,35
244,Beth,August,Beth.August@yopmail.com,Business,71
245,Laurene,Urania,Laurene.Urania@yopmail.com,Comfort,30
246,Doralynne,Cecile,Doralynne.Cecile@yopmail.com,Econom,20
247,Jolyn,Gaal,Jolyn.Gaal@yopmail.com,Business,76
248,Elena,Cordi,Elena.Cordi@yopmail.com,Business,31
249,Maridel,Bahr,Maridel.Bahr@yopmail.com,Econom,62
250,Mureil,Miru,Mureil.Miru@yopmail.com,Business,53